Preço,Imóvel,Local
R$ 700,Alugo apartamento em Toledo PR,Toledo
R$ 750,Casa,Toledo
R$ 800,Apartamento para alugar no JD Gisela  Toledo PR,Toledo
R$ 790,Aluga-se,Toledo
R$ 750,Aluga Apartamento Terreo,Toledo
R$ 650,Aluga Apartamento Centro,Toledo
R$ 500,Salas Comerciais no Centro!!,Toledo
R$ 550,Casa p alugar,Cascavel  Parana  Brazil
R$ 790,Aluga se Apto com 2 quartos. Vila Becker. Toledo Pr,Toledo
R$ 750,Apartamento Terreo,Toledo
R$ 600,Aluguel de kitinete na Vila Borges Rua Pompeu de Toledo 527,Foz do Iguaçu
R$ 800,Aluga se uma casa em Vila Nova,Novo Sarandi  Parana  Brazil
R$ 750,Alugo apartamento no panorama,Toledo
R$ 720,Alugo apartamento no bairro Pancera  em Toledo - PR,Toledo
R$ 770,Habitazi Imobiliária Aluga Casa de Fundos com 2 quartos - Jd. Panorama Toledo PR.,Toledo
R$ 660,Aluga Apartamento na Barão do Rio Branco,Toledo
R$ 750,Alugo,Toledo
R$ 600,Aluga-se sala comercial,Toledo
R$ 750,Habitazi Imobiliária Aluga Apartamento 2 quartos - Próximo a PUC e UTFPR Toledo - PR.,Toledo
R$ 500,Alugo,Toledo
R$ 650,Sala comercial,Toledo
R$ 650,Apartamento Locação,Toledo
